Area Code	Year Code	Unit	Value
2	2014	1000 persons	33370.794
2	2015	1000 persons	34413.603
2	2016	1000 persons	35383.032
2	2017	1000 persons	36296.113
2	2018	1000 persons	37171.921
3	2014	1000 persons	2896.305
3	2015	1000 persons	2890.513
3	2016	1000 persons	2886.438
3	2017	1000 persons	2884.169
3	2018	1000 persons	2882.74
4	2014	1000 persons	38923.692
4	2015	1000 persons	39728.025
4	2016	1000 persons	40551.392
4	2017	1000 persons	41389.189
4	2018	1000 persons	42228.408
5	2014	1000 persons	55.791
5	2015	1000 persons	55.812
5	2016	1000 persons	55.741
5	2017	1000 persons	55.62
5	2018	1000 persons	55.465
6	2014	1000 persons	79.213
6	2015	1000 persons	78.011
6	2016	1000 persons	77.297
6	2017	1000 persons	77.001
6	2018	1000 persons	77.006
7	2014	1000 persons	26941.779
7	2015	1000 persons	27884.381
7	2016	1000 persons	28842.489
7	2017	1000 persons	29816.766
7	2018	1000 persons	30809.787
258	2014	1000 persons	14.112
258	2015	1000 persons	14.279
258	2016	1000 persons	14.429
258	2017	1000 persons	14.584
258	2018	1000 persons	14.731
8	2014	1000 persons	92.562
8	2015	1000 persons	93.566
8	2016	1000 persons	94.527
8	2017	1000 persons	95.426
8	2018	1000 persons	96.286
9	2014	1000 persons	42637.511
9	2015	1000 persons	43075.416
9	2016	1000 persons	43508.46
9	2017	1000 persons	43937.14
9	2018	1000 persons	44361.15
1	2014	1000 persons	2912.409
1	2015	1000 persons	2925.553
1	2016	1000 persons	2936.143
1	2017	1000 persons	2944.791
1	2018	1000 persons	2951.745
22	2014	1000 persons	103.774
22	2015	1000 persons	104.341
22	2016	1000 persons	104.872
22	2017	1000 persons	105.366
22	2018	1000 persons	105.845
10	2014	1000 persons	23596.424
10	2015	1000 persons	23932.502
10	2016	1000 persons	24262.712
10	2017	1000 persons	24584.62
10	2018	1000 persons	24898.152
11	2014	1000 persons	8615.214
11	2015	1000 persons	8678.66
11	2016	1000 persons	8747.301
11	2017	1000 persons	8819.901
11	2018	1000 persons	8891.388
52	2014	1000 persons	9505.622
52	2015	1000 persons	9622.745
52	2016	1000 persons	9736.043
52	2017	1000 persons	9845.32
52	2018	1000 persons	9949.537
12	2014	1000 persons	370.633
12	2015	1000 persons	374.206
12	2016	1000 persons	377.93
12	2017	1000 persons	381.755
12	2018	1000 persons	385.637
13	2014	1000 persons	1336.075
13	2015	1000 persons	1371.851
13	2016	1000 persons	1425.792
13	2017	1000 persons	1494.076
13	2018	1000 persons	1569.446
16	2014	1000 persons	154517.382
16	2015	1000 persons	156256.276
16	2016	1000 persons	157977.153
16	2017	1000 persons	159685.424
16	2018	1000 persons	161376.708
14	2014	1000 persons	284.826
14	2015	1000 persons	285.324
14	2016	1000 persons	285.796
14	2017	1000 persons	286.232
14	2018	1000 persons	286.641
57	2014	1000 persons	9431.735
57	2015	1000 persons	9439.423
57	2016	1000 persons	9445.643
57	2017	1000 persons	9450.231
57	2018	1000 persons	9452.617
255	2014	1000 persons	11221.231
255	2015	1000 persons	11287.94
255	2016	1000 persons	11354.42
255	2017	1000 persons	11419.748
255	2018	1000 persons	11482.178
23	2014	1000 persons	353.366
23	2015	1000 persons	360.933
23	2016	1000 persons	368.4
23	2017	1000 persons	375.769
23	2018	1000 persons	383.071
53	2014	1000 persons	10286.844
53	2015	1000 persons	10575.952
53	2016	1000 persons	10872.063
53	2017	1000 persons	11175.198
53	2018	1000 persons	11485.044
17	2014	1000 persons	64.033
17	2015	1000 persons	63.692
17	2016	1000 persons	63.362
17	2017	1000 persons	63.049
17	2018	1000 persons	62.756
18	2014	1000 persons	719.055
18	2015	1000 persons	727.876
18	2016	1000 persons	736.708
18	2017	1000 persons	745.563
18	2018	1000 persons	754.388
19	2014	1000 persons	10706.517
19	2015	1000 persons	10869.73
19	2016	1000 persons	11031.814
19	2017	1000 persons	11192.855
19	2018	1000 persons	11353.142
278	2014	1000 persons	24.07
278	2015	1000 persons	24.57
278	2016	1000 persons	25.02
278	2017	1000 persons	25.401
278	2018	1000 persons	25.711
80	2014	1000 persons	3482.105
80	2015	1000 persons	3429.361
80	2016	1000 persons	3386.266
80	2017	1000 persons	3351.525
80	2018	1000 persons	3323.925
20	2014	1000 persons	2088.618
20	2015	1000 persons	2120.716
20	2016	1000 persons	2159.927
20	2017	1000 persons	2205.08
20	2018	1000 persons	2254.068
21	2014	1000 persons	202763.739
21	2015	1000 persons	204471.769
21	2016	1000 persons	206163.053
21	2017	1000 persons	207833.823
21	2018	1000 persons	209469.323
239	2014	1000 persons	28.989
239	2015	1000 persons	29.152
239	2016	1000 persons	29.355
239	2017	1000 persons	29.577
239	2018	1000 persons	29.802
26	2014	1000 persons	409.769
26	2015	1000 persons	414.907
26	2016	1000 persons	419.8
26	2017	1000 persons	424.473
26	2018	1000 persons	428.963
27	2014	1000 persons	7245.646
27	2015	1000 persons	7199.741
27	2016	1000 persons	7151.953
27	2017	1000 persons	7102.444
27	2018	1000 persons	7051.608
233	2014	1000 persons	17586.03
233	2015	1000 persons	18110.624
233	2016	1000 persons	18646.357
233	2017	1000 persons	19193.234
233	2018	1000 persons	19751.466
29	2014	1000 persons	9844.299
29	2015	1000 persons	10160.03
29	2016	1000 persons	10487.995
29	2017	1000 persons	10827.019
29	2018	1000 persons	11175.374
35	2014	1000 persons	518.271
35	2015	1000 persons	524.743
35	2016	1000 persons	531.146
35	2017	1000 persons	537.498
35	2018	1000 persons	543.767
115	2014	1000 persons	15274.503
115	2015	1000 persons	15521.436
115	2016	1000 persons	15766.292
115	2017	1000 persons	16009.409
115	2018	1000 persons	16249.792
32	2014	1000 persons	22681.852
32	2015	1000 persons	23298.368
32	2016	1000 persons	23926.551
32	2017	1000 persons	24566.073
32	2018	1000 persons	25216.267
33	2014	1000 persons	35664.337
33	2015	1000 persons	36026.676
33	2016	1000 persons	36382.944
33	2017	1000 persons	36732.095
33	2018	1000 persons	37074.562
36	2014	1000 persons	60.848
36	2015	1000 persons	61.724
36	2016	1000 persons	62.569
36	2017	1000 persons	63.382
36	2018	1000 persons	64.174
37	2014	1000 persons	4464.175
37	2015	1000 persons	4493.17
37	2016	1000 persons	4537.686
37	2017	1000 persons	4596.023
37	2018	1000 persons	4666.368
39	2014	1000 persons	13663.566
39	2015	1000 persons	14110.975
39	2016	1000 persons	14561.66
39	2017	1000 persons	15016.753
39	2018	1000 persons	15477.729
259	2014	1000 persons	164.1
259	2015	1000 persons	165.385
259	2016	1000 persons	166.923
259	2017	1000 persons	168.665
259	2018	1000 persons	170.499
40	2014	1000 persons	17758.959
40	2015	1000 persons	17969.353
40	2016	1000 persons	18209.068
40	2017	1000 persons	18470.439
40	2018	1000 persons	18729.16
351	2014	1000 persons	1430670.819
351	2015	1000 persons	1438193.428
351	2016	1000 persons	1445523.929
351	2017	1000 persons	1452625.244
351	2018	1000 persons	1459377.612
96	2014	1000 persons	7134.67
96	2015	1000 persons	7185.996
96	2016	1000 persons	7243.542
96	2017	1000 persons	7306.322
96	2018	1000 persons	7371.73
128	2014	1000 persons	590.208
128	2015	1000 persons	602.085
128	2016	1000 persons	612.836
128	2017	1000 persons	622.585
128	2018	1000 persons	631.636
41	2014	1000 persons	1399453.965
41	2015	1000 persons	1406847.87
41	2016	1000 persons	1414049.351
41	2017	1000 persons	1421021.791
41	2018	1000 persons	1427647.786
214	2014	1000 persons	23491.976
214	2015	1000 persons	23557.477
214	2016	1000 persons	23618.2
214	2017	1000 persons	23674.546
214	2018	1000 persons	23726.46
44	2014	1000 persons	46967.696
44	2015	1000 persons	47520.667
44	2016	1000 persons	48175.052
44	2017	1000 persons	48909.839
44	2018	1000 persons	49661.048
45	2014	1000 persons	759.39
45	2015	1000 persons	777.424
45	2016	1000 persons	795.592
45	2017	1000 persons	813.892
45	2018	1000 persons	832.322
46	2014	1000 persons	4736.976
46	2015	1000 persons	4856.095
46	2016	1000 persons	4980.996
46	2017	1000 persons	5110.695
46	2018	1000 persons	5244.359
47	2014	1000 persons	17.691
47	2015	1000 persons	17.586
47	2016	1000 persons	17.524
47	2017	1000 persons	17.507
47	2018	1000 persons	17.518
48	2014	1000 persons	4795.396
48	2015	1000 persons	4847.804
48	2016	1000 persons	4899.345
48	2017	1000 persons	4949.954
48	2018	1000 persons	4999.441
107	2014	1000 persons	22647.684
107	2015	1000 persons	23226.143
107	2016	1000 persons	23822.714
107	2017	1000 persons	24437.47
107	2018	1000 persons	25069.23
98	2014	1000 persons	4255.512
98	2015	1000 persons	4232.874
98	2016	1000 persons	4208.602
98	2017	1000 persons	4182.857
98	2018	1000 persons	4156.405
49	2014	1000 persons	11306.904
49	2015	1000 persons	11324.781
49	2016	1000 persons	11335.104
49	2017	1000 persons	11339.254
49	2018	1000 persons	11338.134
279	2014	1000 persons	158.422
279	2015	1000 persons	159.847
279	2016	1000 persons	161.052
279	2017	1000 persons	161.997
279	2018	1000 persons	162.752
50	2014	1000 persons	1152.285
50	2015	1000 persons	1160.985
50	2016	1000 persons	1170.187
50	2017	1000 persons	1179.678
50	2018	1000 persons	1189.265
167	2014	1000 persons	10591.108
167	2015	1000 persons	10601.397
167	2016	1000 persons	10618.857
167	2017	1000 persons	10641.034
167	2018	1000 persons	10665.677
116	2014	1000 persons	25057.79
116	2015	1000 persons	25183.833
116	2016	1000 persons	25307.665
116	2017	1000 persons	25429.825
116	2018	1000 persons	25549.604
250	2014	1000 persons	73767.447
250	2015	1000 persons	76244.544
250	2016	1000 persons	78789.127
250	2017	1000 persons	81398.764
250	2018	1000 persons	84068.091
54	2014	1000 persons	5664.196
54	2015	1000 persons	5688.695
54	2016	1000 persons	5711.349
54	2017	1000 persons	5732.274
54	2018	1000 persons	5752.126
72	2014	1000 persons	898.695
72	2015	1000 persons	913.993
72	2016	1000 persons	929.112
72	2017	1000 persons	944.099
72	2018	1000 persons	958.923
55	2014	1000 persons	71.085
55	2015	1000 persons	71.183
55	2016	1000 persons	71.307
55	2017	1000 persons	71.458
55	2018	1000 persons	71.625
56	2014	1000 persons	10165.183
56	2015	1000 persons	10281.68
56	2016	1000 persons	10397.741
56	2017	1000 persons	10513.104
56	2018	1000 persons	10627.141
58	2014	1000 persons	15951.84
58	2015	1000 persons	16212.02
58	2016	1000 persons	16491.116
58	2017	1000 persons	16785.361
58	2018	1000 persons	17084.358
59	2014	1000 persons	90424.656
59	2015	1000 persons	92442.547
59	2016	1000 persons	94447.073
59	2017	1000 persons	96442.591
59	2018	1000 persons	98423.598
60	2014	1000 persons	6295.128
60	2015	1000 persons	6325.124
60	2016	1000 persons	6356.143
60	2017	1000 persons	6388.126
60	2018	1000 persons	6420.746
61	2014	1000 persons	1122.277
61	2015	1000 persons	1168.568
61	2016	1000 persons	1215.18
61	2017	1000 persons	1262.002
61	2018	1000 persons	1308.975
178	2014	1000 persons	3311.449
178	2015	1000 persons	3342.818
178	2016	1000 persons	3376.557
178	2017	1000 persons	3412.893
178	2018	1000 persons	3452.786
63	2014	1000 persons	1316.277
63	2015	1000 persons	1315.325
63	2016	1000 persons	1316.51
63	2017	1000 persons	1319.39
63	2018	1000 persons	1322.92
209	2014	1000 persons	1095.019
209	2015	1000 persons	1104.044
209	2016	1000 persons	1113.997
209	2017	1000 persons	1124.805
209	2018	1000 persons	1136.281
238	2014	1000 persons	98094.265
238	2015	1000 persons	100835.458
238	2016	1000 persons	103603.462
238	2017	1000 persons	106399.924
238	2018	1000 persons	109224.414
65	2014	1000 persons	2.792
65	2015	1000 persons	2.834
65	2016	1000 persons	2.928
65	2017	1000 persons	3.068
65	2018	1000 persons	3.234
64	2014	1000 persons	47.96
64	2015	1000 persons	48.051
64	2016	1000 persons	48.173
64	2017	1000 persons	48.331
64	2018	1000 persons	48.497
66	2014	1000 persons	866.453
66	2015	1000 persons	868.627
66	2016	1000 persons	872.399
66	2017	1000 persons	877.459
66	2018	1000 persons	883.483
67	2014	1000 persons	5461.411
67	2015	1000 persons	5481.122
67	2016	1000 persons	5497.713
67	2017	1000 persons	5511.371
67	2018	1000 persons	5522.576
68	2014	1000 persons	64193.55
68	2015	1000 persons	64453.2
68	2016	1000 persons	64667.596
68	2017	1000 persons	64842.509
68	2018	1000 persons	64990.511
69	2014	1000 persons	254.773
69	2015	1000 persons	260.999
69	2016	1000 persons	267.821
69	2017	1000 persons	275.191
69	2018	1000 persons	282.938
70	2014	1000 persons	271.705
70	2015	1000 persons	273.124
70	2016	1000 persons	274.575
70	2017	1000 persons	276.102
70	2018	1000 persons	277.679
74	2014	1000 persons	1883.8
74	2015	1000 persons	1947.686
74	2016	1000 persons	2007.873
74	2017	1000 persons	2064.823
74	2018	1000 persons	2119.275
75	2014	1000 persons	2024.042
75	2015	1000 persons	2085.86
75	2016	1000 persons	2149.136
75	2017	1000 persons	2213.889
75	2018	1000 persons	2280.094
73	2014	1000 persons	4035.311
73	2015	1000 persons	4024.183
73	2016	1000 persons	4015.45
73	2017	1000 persons	4008.716
73	2018	1000 persons	4002.942
79	2014	1000 persons	81450.378
79	2015	1000 persons	81787.411
79	2016	1000 persons	82193.768
79	2017	1000 persons	82658.409
79	2018	1000 persons	83124.418
81	2014	1000 persons	27224.473
81	2015	1000 persons	27849.205
81	2016	1000 persons	28481.945
81	2017	1000 persons	29121.465
81	2018	1000 persons	29767.102
82	2014	1000 persons	33.725
82	2015	1000 persons	33.736
82	2016	1000 persons	33.737
82	2017	1000 persons	33.728
82	2018	1000 persons	33.718
84	2014	1000 persons	10701.456
84	2015	1000 persons	10659.75
84	2016	1000 persons	10615.185
84	2017	1000 persons	10569.45
84	2018	1000 persons	10522.246
85	2014	1000 persons	56.381
85	2015	1000 persons	56.377
85	2016	1000 persons	56.412
85	2017	1000 persons	56.481
85	2018	1000 persons	56.564
86	2014	1000 persons	108.902
86	2015	1000 persons	109.599
86	2016	1000 persons	110.261
86	2017	1000 persons	110.874
86	2018	1000 persons	111.454
87	2014	1000 persons	401.314
87	2015	1000 persons	400.255
87	2016	1000 persons	399.763
87	2017	1000 persons	399.672
87	2018	1000 persons	399.848
88	2014	1000 persons	161.016
88	2015	1000 persons	161.853
88	2016	1000 persons	162.951
88	2017	1000 persons	164.281
88	2018	1000 persons	165.768
89	2014	1000 persons	15923.236
89	2015	1000 persons	16252.429
89	2016	1000 persons	16583.076
89	2017	1000 persons	16914.97
89	2018	1000 persons	17247.849
90	2014	1000 persons	11150.982
90	2015	1000 persons	11432.088
90	2016	1000 persons	11738.429
90	2017	1000 persons	12067.519
90	2018	1000 persons	12414.293
175	2014	1000 persons	1692.437
175	2015	1000 persons	1737.202
175	2016	1000 persons	1782.438
175	2017	1000 persons	1828.145
175	2018	1000 persons	1874.303
91	2014	1000 persons	763.38
91	2015	1000 persons	767.432
91	2016	1000 persons	771.368
91	2017	1000 persons	775.222
91	2018	1000 persons	779.006
93	2014	1000 persons	10549.009
93	2015	1000 persons	10695.542
93	2016	1000 persons	10839.97
93	2017	1000 persons	10982.366
93	2018	1000 persons	11123.178
94	2014	1000 persons	0.8
94	2015	1000 persons	0.803
94	2016	1000 persons	0.801
94	2017	1000 persons	0.793
94	2018	1000 persons	0.801
95	2014	1000 persons	8955.589
95	2015	1000 persons	9112.916
95	2016	1000 persons	9270.795
95	2017	1000 persons	9429.013
95	2018	1000 persons	9587.522
97	2014	1000 persons	9804.991
97	2015	1000 persons	9777.923
97	2016	1000 persons	9752.975
97	2017	1000 persons	9729.823
97	2018	1000 persons	9707.499
99	2014	1000 persons	328.594
99	2015	1000 persons	330.243
99	2016	1000 persons	332.206
99	2017	1000 persons	334.393
99	2018	1000 persons	336.713
100	2014	1000 persons	1295600.772
100	2015	1000 persons	1310152.403
100	2016	1000 persons	1324517.249
100	2017	1000 persons	1338676.785
100	2018	1000 persons	1352642.28
101	2014	1000 persons	255128.076
101	2015	1000 persons	258383.256
101	2016	1000 persons	261556.381
101	2017	1000 persons	264650.963
101	2018	1000 persons	267670.543
102	2014	1000 persons	77465.77
102	2015	1000 persons	78492.215
102	2016	1000 persons	79563.989
102	2017	1000 persons	80673.883
102	2018	1000 persons	81800.188
103	2014	1000 persons	34411.951
103	2015	1000 persons	35572.261
103	2016	1000 persons	36610.632
103	2017	1000 persons	37552.781
103	2018	1000 persons	38433.6
104	2014	1000 persons	4626.844
104	2015	1000 persons	4652.425
104	2016	1000 persons	4695.779
104	2017	1000 persons	4753.279
104	2018	1000 persons	4818.69
264	2014	1000 persons	83.488
264	2015	1000 persons	83.234
264	2016	1000 persons	83.287
264	2017	1000 persons	83.598
264	2018	1000 persons	84.077
105	2014	1000 persons	7854.213
105	2015	1000 persons	7978.49
105	2016	1000 persons	8108.985
105	2017	1000 persons	8243.848
105	2018	1000 persons	8381.516
106	2014	1000 persons	60409.62
106	2015	1000 persons	60578.494
106	2016	1000 persons	60663.06
106	2017	1000 persons	60673.701
106	2018	1000 persons	60627.291
109	2014	1000 persons	2875.139
109	2015	1000 persons	2891.021
109	2016	1000 persons	2906.236
109	2017	1000 persons	2920.848
109	2018	1000 persons	2934.847
110	2014	1000 persons	128168.639
110	2015	1000 persons	127985.133
110	2016	1000 persons	127763.265
110	2017	1000 persons	127502.725
110	2018	1000 persons	127202.192
112	2014	1000 persons	8918.828
112	2015	1000 persons	9266.575
112	2016	1000 persons	9554.286
112	2017	1000 persons	9785.843
112	2018	1000 persons	9965.318
108	2014	1000 persons	17302.615
108	2015	1000 persons	17572.016
108	2016	1000 persons	17830.901
108	2017	1000 persons	18080.019
108	2018	1000 persons	18319.618
114	2014	1000 persons	46700.055
114	2015	1000 persons	47878.336
114	2016	1000 persons	49051.534
114	2017	1000 persons	50221.142
114	2018	1000 persons	51392.565
83	2014	1000 persons	109.391
83	2015	1000 persons	110.93
83	2016	1000 persons	112.524
83	2017	1000 persons	114.158
83	2018	1000 persons	115.847
118	2014	1000 persons	3690.941
118	2015	1000 persons	3835.591
118	2016	1000 persons	3956.875
118	2017	1000 persons	4056.099
118	2018	1000 persons	4137.312
113	2014	1000 persons	5844.532
113	2015	1000 persons	5959.121
113	2016	1000 persons	6074.33
113	2017	1000 persons	6189.733
113	2018	1000 persons	6304.03
120	2014	1000 persons	6639.756
120	2015	1000 persons	6741.164
120	2016	1000 persons	6845.846
120	2017	1000 persons	6953.035
120	2018	1000 persons	7061.507
119	2014	1000 persons	2021.219
119	2015	1000 persons	1997.674
119	2016	1000 persons	1974.266
119	2017	1000 persons	1951.097
119	2018	1000 persons	1928.459
121	2014	1000 persons	6261.044
121	2015	1000 persons	6532.678
121	2016	1000 persons	6714.281
121	2017	1000 persons	6819.373
121	2018	1000 persons	6859.408
122	2014	1000 persons	2043.445
122	2015	1000 persons	2059.021
122	2016	1000 persons	2075.03
122	2017	1000 persons	2091.534
122	2018	1000 persons	2108.328
123	2014	1000 persons	4359.506
123	2015	1000 persons	4472.23
123	2016	1000 persons	4586.787
123	2017	1000 persons	4702.226
123	2018	1000 persons	4818.973
124	2014	1000 persons	6362.037
124	2015	1000 persons	6418.315
124	2016	1000 persons	6492.162
124	2017	1000 persons	6580.724
124	2018	1000 persons	6678.559
125	2014	1000 persons	37.223
125	2015	1000 persons	37.47
125	2016	1000 persons	37.658
125	2017	1000 persons	37.8
125	2018	1000 persons	37.91
126	2014	1000 persons	2971.497
126	2015	1000 persons	2931.88
126	2016	1000 persons	2889.557
126	2017	1000 persons	2845.414
126	2018	1000 persons	2801.264
256	2014	1000 persons	554.516
256	2015	1000 persons	566.741
256	2016	1000 persons	579.264
256	2017	1000 persons	591.91
256	2018	1000 persons	604.245
129	2014	1000 persons	23589.888
129	2015	1000 persons	24234.088
129	2016	1000 persons	24894.37
129	2017	1000 persons	25570.512
129	2018	1000 persons	26262.313
130	2014	1000 persons	16289.552
130	2015	1000 persons	16745.303
130	2016	1000 persons	17205.261
130	2017	1000 persons	17670.196
130	2018	1000 persons	18143.217
131	2014	1000 persons	29866.603
131	2015	1000 persons	30270.962
131	2016	1000 persons	30684.654
131	2017	1000 persons	31104.646
131	2018	1000 persons	31528.033
132	2014	1000 persons	435.015
132	2015	1000 persons	454.915
132	2016	1000 persons	475.512
132	2017	1000 persons	496.402
132	2018	1000 persons	515.696
133	2014	1000 persons	16934.214
133	2015	1000 persons	17438.778
133	2016	1000 persons	17965.443
133	2017	1000 persons	18512.43
133	2018	1000 persons	19077.749
134	2014	1000 persons	430.197
134	2015	1000 persons	433.559
134	2016	1000 persons	436.097
134	2017	1000 persons	437.933
134	2018	1000 persons	439.248
127	2014	1000 persons	57.179
127	2015	1000 persons	57.439
127	2016	1000 persons	57.735
127	2017	1000 persons	58.058
127	2018	1000 persons	58.413
135	2014	1000 persons	381.138
135	2015	1000 persons	378.478
135	2016	1000 persons	376.791
135	2017	1000 persons	375.948
135	2018	1000 persons	375.673
136	2014	1000 persons	3930.896
136	2015	1000 persons	4046.301
136	2016	1000 persons	4163.533
136	2017	1000 persons	4282.57
136	2018	1000 persons	4403.313
137	2014	1000 persons	1257.355
137	2015	1000 persons	1259.456
137	2016	1000 persons	1261.865
137	2017	1000 persons	1264.499
137	2018	1000 persons	1267.185
270	2014	1000 persons	233.654
270	2015	1000 persons	240.02
270	2016	1000 persons	246.45
270	2017	1000 persons	252.957
270	2018	1000 persons	259.531
138	2014	1000 persons	120355.128
138	2015	1000 persons	121858.258
138	2016	1000 persons	123333.376
138	2017	1000 persons	124777.324
138	2018	1000 persons	126190.788
145	2014	1000 persons	107.446
145	2015	1000 persons	108.895
145	2016	1000 persons	110.215
145	2017	1000 persons	111.459
145	2018	1000 persons	112.64
140	2014	1000 persons	37.322
140	2015	1000 persons	37.718
140	2016	1000 persons	38.07
140	2017	1000 persons	38.392
140	2018	1000 persons	38.682
141	2014	1000 persons	2940.108
141	2015	1000 persons	2998.439
141	2016	1000 persons	3056.364
141	2017	1000 persons	3113.786
141	2018	1000 persons	3170.216
273	2014	1000 persons	626.645
273	2015	1000 persons	626.956
273	2016	1000 persons	627.264
273	2017	1000 persons	627.563
273	2018	1000 persons	627.809
142	2014	1000 persons	4.957
142	2015	1000 persons	4.967
142	2016	1000 persons	4.981
142	2017	1000 persons	4.984
142	2018	1000 persons	4.993
143	2014	1000 persons	34192.357
143	2015	1000 persons	34663.603
143	2016	1000 persons	35126.283
143	2017	1000 persons	35581.255
143	2018	1000 persons	36029.093
144	2014	1000 persons	26286.191
144	2015	1000 persons	27042.002
144	2016	1000 persons	27829.938
144	2017	1000 persons	28649.018
144	2018	1000 persons	29496.004
28	2014	1000 persons	52280.824
28	2015	1000 persons	52680.726
28	2016	1000 persons	53045.201
28	2017	1000 persons	53382.523
28	2018	1000 persons	53708.32
147	2014	1000 persons	2273.423
147	2015	1000 persons	2314.904
147	2016	1000 persons	2358.044
147	2017	1000 persons	2402.633
147	2018	1000 persons	2448.301
148	2014	1000 persons	10.289
148	2015	1000 persons	10.383
148	2016	1000 persons	10.475
148	2017	1000 persons	10.573
148	2018	1000 persons	10.67
149	2014	1000 persons	26905.978
149	2015	1000 persons	27015.031
149	2016	1000 persons	27263.433
149	2017	1000 persons	27632.681
149	2018	1000 persons	28095.714
150	2014	1000 persons	16892.523
150	2015	1000 persons	16938.499
150	2016	1000 persons	16981.295
150	2017	1000 persons	17021.347
150	2018	1000 persons	17059.56
151	2014	1000 persons	267.006
151	2015	1000 persons	269.936
151	2016	1000 persons	272.693
151	2017	1000 persons	275.186
151	2018	1000 persons	277.483
153	2014	1000 persons	267.739
153	2015	1000 persons	271.065
153	2016	1000 persons	274.191
153	2017	1000 persons	277.15
153	2018	1000 persons	279.993
156	2014	1000 persons	4567.527
156	2015	1000 persons	4614.532
156	2016	1000 persons	4659.265
156	2017	1000 persons	4702.034
156	2018	1000 persons	4743.131
157	2014	1000 persons	6142.731
157	2015	1000 persons	6223.24
157	2016	1000 persons	6303.974
157	2017	1000 persons	6384.846
157	2018	1000 persons	6465.501
158	2014	1000 persons	19240.179
158	2015	1000 persons	20001.663
158	2016	1000 persons	20788.798
158	2017	1000 persons	21602.382
158	2018	1000 persons	22442.822
159	2014	1000 persons	176404.934
159	2015	1000 persons	181137.448
159	2016	1000 persons	185960.241
159	2017	1000 persons	190873.244
159	2018	1000 persons	195874.683
160	2014	1000 persons	1.609
160	2015	1000 persons	1.619
160	2016	1000 persons	1.614
160	2017	1000 persons	1.609
160	2018	1000 persons	1.62
154	2014	1000 persons	2077.775
154	2015	1000 persons	2079.328
154	2016	1000 persons	2080.743
154	2017	1000 persons	2081.996
154	2018	1000 persons	2082.957
163	2014	1000 persons	55.305
163	2015	1000 persons	55.78
163	2016	1000 persons	56.188
163	2017	1000 persons	56.562
163	2018	1000 persons	56.882
162	2014	1000 persons	5142.265
162	2015	1000 persons	5199.836
162	2016	1000 persons	5250.949
162	2017	1000 persons	5296.326
162	2018	1000 persons	5337.962
221	2014	1000 persons	4027.26
221	2015	1000 persons	4267.348
221	2016	1000 persons	4479.219
221	2017	1000 persons	4665.928
221	2018	1000 persons	4829.473
165	2014	1000 persons	195305.013
165	2015	1000 persons	199426.964
165	2016	1000 persons	203631.353
165	2017	1000 persons	207906.209
165	2018	1000 persons	212228.286
180	2014	1000 persons	17.626
180	2015	1000 persons	17.665
180	2016	1000 persons	17.725
180	2017	1000 persons	17.808
180	2018	1000 persons	17.907
299	2014	1000 persons	4428.639
299	2015	1000 persons	4529.166
299	2016	1000 persons	4635.654
299	2017	1000 persons	4747.227
299	2018	1000 persons	4862.979
166	2014	1000 persons	3901.314
166	2015	1000 persons	3968.487
166	2016	1000 persons	4037.078
166	2017	1000 persons	4106.769
166	2018	1000 persons	4176.869
168	2014	1000 persons	7946.73
168	2015	1000 persons	8107.775
168	2016	1000 persons	8271.762
168	2017	1000 persons	8438.036
168	2018	1000 persons	8606.323
169	2014	1000 persons	6599.526
169	2015	1000 persons	6688.746
169	2016	1000 persons	6777.872
169	2017	1000 persons	6867.061
169	2018	1000 persons	6956.066
170	2014	1000 persons	30090.359
170	2015	1000 persons	30470.734
170	2016	1000 persons	30926.032
170	2017	1000 persons	31444.298
170	2018	1000 persons	31989.26
171	2014	1000 persons	100513.142
171	2015	1000 persons	102113.212
171	2016	1000 persons	103663.816
171	2017	1000 persons	105172.925
171	2018	1000 persons	106651.394
173	2014	1000 persons	38091.089
173	2015	1000 persons	38034.079
173	2016	1000 persons	37989.22
173	2017	1000 persons	37953.18
173	2018	1000 persons	37921.592
174	2014	1000 persons	10418.218
174	2015	1000 persons	10368.351
174	2016	1000 persons	10325.538
174	2017	1000 persons	10288.527
174	2018	1000 persons	10256.193
177	2014	1000 persons	3453.672
177	2015	1000 persons	3381.518
177	2016	1000 persons	3283.125
177	2017	1000 persons	3163.667
177	2018	1000 persons	3039.596
179	2014	1000 persons	2459.198
179	2015	1000 persons	2565.71
179	2016	1000 persons	2654.374
179	2017	1000 persons	2724.728
179	2018	1000 persons	2781.682
117	2014	1000 persons	50607.907
117	2015	1000 persons	50823.093
117	2016	1000 persons	50983.457
117	2017	1000 persons	51096.415
117	2018	1000 persons	51171.706
146	2014	1000 persons	4073.407
146	2015	1000 persons	4070.7
146	2016	1000 persons	4066.009
146	2017	1000 persons	4059.684
146	2018	1000 persons	4051.944
182	2014	1000 persons	856.961
182	2015	1000 persons	863.363
182	2016	1000 persons	869.743
182	2017	1000 persons	876.134
182	2018	1000 persons	882.526
183	2014	1000 persons	20035.93
183	2015	1000 persons	19925.175
183	2016	1000 persons	19796.285
183	2017	1000 persons	19653.969
183	2018	1000 persons	19506.114
185	2014	1000 persons	144664.841
185	2015	1000 persons	144985.057
185	2016	1000 persons	145275.383
185	2017	1000 persons	145530.082
185	2018	1000 persons	145734.038
184	2014	1000 persons	11083.63
184	2015	1000 persons	11369.071
184	2016	1000 persons	11668.827
184	2017	1000 persons	11980.961
184	2018	1000 persons	12301.97
282	2014	1000 persons	9.623
282	2015	1000 persons	9.693
282	2016	1000 persons	9.748
282	2017	1000 persons	9.784
282	2018	1000 persons	9.816
187	2014	1000 persons	5.739
187	2015	1000 persons	5.865
187	2016	1000 persons	5.956
187	2017	1000 persons	6.008
187	2018	1000 persons	6.035
188	2014	1000 persons	50.774
188	2015	1000 persons	51.203
188	2016	1000 persons	51.625
188	2017	1000 persons	52.045
188	2018	1000 persons	52.441
189	2014	1000 persons	178.296
189	2015	1000 persons	179.126
189	2016	1000 persons	180.024
189	2017	1000 persons	180.954
189	2018	1000 persons	181.889
190	2014	1000 persons	6.075
190	2015	1000 persons	5.993
190	2016	1000 persons	5.934
190	2017	1000 persons	5.887
190	2018	1000 persons	5.849
191	2014	1000 persons	108.861
191	2015	1000 persons	109.148
191	2016	1000 persons	109.459
191	2017	1000 persons	109.827
191	2018	1000 persons	110.211
281	2014	1000 persons	36.015
281	2015	1000 persons	35.858
281	2016	1000 persons	36.065
281	2017	1000 persons	36.56
281	2018	1000 persons	37.264
244	2014	1000 persons	192.221
244	2015	1000 persons	193.513
244	2016	1000 persons	194.535
244	2017	1000 persons	195.352
244	2018	1000 persons	196.129
192	2014	1000 persons	32.948
192	2015	1000 persons	33.272
192	2016	1000 persons	33.504
192	2017	1000 persons	33.671
192	2018	1000 persons	33.785
193	2014	1000 persons	195.727
193	2015	1000 persons	199.432
193	2016	1000 persons	203.227
193	2017	1000 persons	207.089
193	2018	1000 persons	211.028
194	2014	1000 persons	30916.597
194	2015	1000 persons	31717.667
194	2016	1000 persons	32443.447
194	2017	1000 persons	33101.179
194	2018	1000 persons	33702.756
195	2014	1000 persons	14174.739
195	2015	1000 persons	14578.459
195	2016	1000 persons	14993.519
195	2017	1000 persons	15419.355
195	2018	1000 persons	15854.323
272	2014	1000 persons	8898.289
272	2015	1000 persons	8876.777
272	2016	1000 persons	8853.963
272	2017	1000 persons	8829.628
272	2018	1000 persons	8802.754
196	2014	1000 persons	94.215
196	2015	1000 persons	94.978
196	2016	1000 persons	95.71
196	2017	1000 persons	96.418
196	2018	1000 persons	97.096
197	2014	1000 persons	7017.148
197	2015	1000 persons	7171.914
197	2016	1000 persons	7328.834
197	2017	1000 persons	7488.423
197	2018	1000 persons	7650.15
200	2014	1000 persons	5525.626
200	2015	1000 persons	5592.152
200	2016	1000 persons	5653.634
200	2017	1000 persons	5708.041
200	2018	1000 persons	5757.499
280	2014	1000 persons	38.876
280	2015	1000 persons	39.968
280	2016	1000 persons	40.808
280	2017	1000 persons	41.444
280	2018	1000 persons	41.94
199	2014	1000 persons	5428.803
199	2015	1000 persons	5435.611
199	2016	1000 persons	5442.003
199	2017	1000 persons	5447.9
199	2018	1000 persons	5453.014
198	2014	1000 persons	2067.488
198	2015	1000 persons	2071.199
198	2016	1000 persons	2074.21
198	2017	1000 persons	2076.394
198	2018	1000 persons	2077.837
25	2014	1000 persons	587.079
25	2015	1000 persons	603.118
25	2016	1000 persons	619.438
25	2017	1000 persons	636.039
25	2018	1000 persons	652.857
201	2014	1000 persons	13423.568
201	2015	1000 persons	13797.201
201	2016	1000 persons	14185.636
201	2017	1000 persons	14589.179
201	2018	1000 persons	15008.226
202	2014	1000 persons	54544.186
202	2015	1000 persons	55386.367
202	2016	1000 persons	56207.646
202	2017	1000 persons	57009.756
202	2018	1000 persons	57792.518
277	2014	1000 persons	10554.88
277	2015	1000 persons	10715.658
277	2016	1000 persons	10832.518
277	2017	1000 persons	10910.763
277	2018	1000 persons	10975.927
203	2014	1000 persons	46777.925
203	2015	1000 persons	46671.926
203	2016	1000 persons	46634.14
203	2017	1000 persons	46647.428
203	2018	1000 persons	46692.858
38	2014	1000 persons	20788.511
38	2015	1000 persons	20908.027
38	2016	1000 persons	21021.171
38	2017	1000 persons	21128.032
38	2018	1000 persons	21228.763
276	2014	1000 persons	37977.655
276	2015	1000 persons	38902.95
276	2016	1000 persons	39847.439
276	2017	1000 persons	40813.397
276	2018	1000 persons	41801.533
207	2014	1000 persons	553.273
207	2015	1000 persons	559.143
207	2016	1000 persons	564.888
207	2017	1000 persons	570.496
207	2018	1000 persons	575.99
210	2014	1000 persons	9692.131
210	2015	1000 persons	9764.95
210	2016	1000 persons	9836.007
210	2017	1000 persons	9904.896
210	2018	1000 persons	9971.638
211	2014	1000 persons	8206.002
211	2015	1000 persons	8296.775
211	2016	1000 persons	8379.917
211	2017	1000 persons	8455.804
211	2018	1000 persons	8525.611
212	2014	1000 persons	18710.711
212	2015	1000 persons	17997.408
212	2016	1000 persons	17465.575
212	2017	1000 persons	17095.678
212	2018	1000 persons	16945.057
208	2014	1000 persons	8252.833
208	2015	1000 persons	8454.028
208	2016	1000 persons	8663.579
208	2017	1000 persons	8880.268
208	2018	1000 persons	9100.835
216	2014	1000 persons	68438.746
216	2015	1000 persons	68714.511
216	2016	1000 persons	68971.308
216	2017	1000 persons	69209.81
216	2018	1000 persons	69428.453
176	2014	1000 persons	1174.331
176	2015	1000 persons	1196.302
176	2016	1000 persons	1219.288
176	2017	1000 persons	1243.258
176	2018	1000 persons	1267.974
217	2014	1000 persons	7138.0
217	2015	1000 persons	7323.158
217	2016	1000 persons	7509.951
217	2017	1000 persons	7698.474
217	2018	1000 persons	7889.093
218	2014	1000 persons	1.219
218	2015	1000 persons	1.252
218	2016	1000 persons	1.282
218	2017	1000 persons	1.3
218	2018	1000 persons	1.319
219	2014	1000 persons	101.028
219	2015	1000 persons	100.781
219	2016	1000 persons	101.133
219	2017	1000 persons	101.998
219	2018	1000 persons	103.197
220	2014	1000 persons	1362.345
220	2015	1000 persons	1370.328
220	2016	1000 persons	1377.56
220	2017	1000 persons	1384.059
220	2018	1000 persons	1389.843
222	2014	1000 persons	11063.201
222	2015	1000 persons	11179.949
222	2016	1000 persons	11303.945
222	2017	1000 persons	11433.443
222	2018	1000 persons	11565.201
223	2014	1000 persons	77229.256
223	2015	1000 persons	78529.409
223	2016	1000 persons	79827.871
223	2017	1000 persons	81116.45
223	2018	1000 persons	82340.088
213	2014	1000 persons	5466.328
213	2015	1000 persons	5565.287
213	2016	1000 persons	5662.368
213	2017	1000 persons	5757.667
213	2018	1000 persons	5850.901
224	2014	1000 persons	35.369
224	2015	1000 persons	35.981
224	2016	1000 persons	36.559
224	2017	1000 persons	37.115
224	2018	1000 persons	37.665
227	2014	1000 persons	10.972
227	2015	1000 persons	11.099
227	2016	1000 persons	11.225
227	2017	1000 persons	11.37
227	2018	1000 persons	11.508
226	2014	1000 persons	36911.523
226	2015	1000 persons	38225.453
226	2016	1000 persons	39649.166
226	2017	1000 persons	41166.588
226	2018	1000 persons	42729.036
230	2014	1000 persons	45111.532
230	2015	1000 persons	44921.639
230	2016	1000 persons	44713.702
230	2017	1000 persons	44487.709
230	2018	1000 persons	44246.156
225	2014	1000 persons	9214.175
225	2015	1000 persons	9262.9
225	2016	1000 persons	9360.98
225	2017	1000 persons	9487.203
225	2018	1000 persons	9630.959
229	2014	1000 persons	65423.047
229	2015	1000 persons	65860.146
229	2016	1000 persons	66297.944
229	2017	1000 persons	66727.461
229	2018	1000 persons	67141.684
215	2014	1000 persons	49960.561
215	2015	1000 persons	51482.633
215	2016	1000 persons	53049.23
215	2017	1000 persons	54660.339
215	2018	1000 persons	56313.438
231	2014	1000 persons	318673.411
231	2015	1000 persons	320878.31
231	2016	1000 persons	323015.995
231	2017	1000 persons	325084.756
231	2018	1000 persons	327096.265
240	2014	1000 persons	105.114
240	2015	1000 persons	104.958
240	2016	1000 persons	104.835
240	2017	1000 persons	104.751
240	2018	1000 persons	104.68
234	2014	1000 persons	3400.436
234	2015	1000 persons	3412.009
234	2016	1000 persons	3424.129
234	2017	1000 persons	3436.641
234	2018	1000 persons	3449.285
235	2014	1000 persons	30426.388
235	2015	1000 persons	30929.557
235	2016	1000 persons	31441.751
235	2017	1000 persons	31959.785
235	2018	1000 persons	32476.244
155	2014	1000 persons	263.888
155	2015	1000 persons	271.13
155	2016	1000 persons	278.33
155	2017	1000 persons	285.51
155	2018	1000 persons	292.68
236	2014	1000 persons	30042.968
236	2015	1000 persons	30081.829
236	2016	1000 persons	29851.255
236	2017	1000 persons	29402.484
236	2018	1000 persons	28887.118
237	2014	1000 persons	91713.848
237	2015	1000 persons	92677.076
237	2016	1000 persons	93640.422
237	2017	1000 persons	94600.648
237	2018	1000 persons	95545.962
243	2014	1000 persons	12.34
243	2015	1000 persons	12.266
243	2016	1000 persons	12.107
243	2017	1000 persons	11.9
243	2018	1000 persons	11.661
205	2014	1000 persons	514.995
205	2015	1000 persons	526.216
205	2016	1000 persons	538.749
205	2017	1000 persons	552.615
205	2018	1000 persons	567.402
249	2014	1000 persons	25823.485
249	2015	1000 persons	26497.889
249	2016	1000 persons	27168.208
249	2017	1000 persons	27834.819
249	2018	1000 persons	28498.683
251	2014	1000 persons	15399.788
251	2015	1000 persons	15879.361
251	2016	1000 persons	16363.458
251	2017	1000 persons	16853.599
251	2018	1000 persons	17351.708
181	2014	1000 persons	13586.707
181	2015	1000 persons	13814.629
181	2016	1000 persons	14030.331
181	2017	1000 persons	14236.595
181	2018	1000 persons	14438.802
